ID,Código,Producto,Unidad,Lista,Desc10,Desc10+5,Desc10+5+3,Mínimo,Canal Digital,Es Personalizado,Costo Producción,Porcentaje Utilidad,Modo Precio,Fecha Creación,Fecha Actualización
46,"PCA106NEGRO02","ANTICORROSIVO ESTRUCTURAL NEGRO","1/4 de galón",5270.00,4740.00,4510.00,4370.00,4370.00,6851.00,No,,,,07-07-2025, 11:45:30 p. m.,07-07-2025, 11:45:30 p. m.
47,"PCA106BLANC02","ANTICORROSIVO ESTRUCTURAL BLANCO","1/4 de galón",5270.00,4740.00,4510.00,4370.00,4370.00,6851.00,No,,,,07-07-2025, 11:45:30 p. m.,07-07-2025, 11:45:30 p. m.
48,"PCA106GRIS002","ANTICORROSIVO ESTRUCTURAL GRIS","1/4 de galón",5270.00,4740.00,4510.00,4370.00,4370.00,6851.00,No,,,,07-07-2025, 11:45:30 p. m.,07-07-2025, 11:45:30 p. m.
49,"PCA106ROJO002","ANTICORROSIVO ESTRUCTURAL ROJO","1/4 de galón",5270.00,4740.00,4510.00,4370.00,4370.00,6851.00,No,,,,07-07-2025, 11:45:30 p. m.,07-07-2025, 11:45:30 p. m.
50,"PCA106VERDE02","ANTICORROSIVO ESTRUCTURAL VERDE","1/4 de galón",5270.00,4740.00,4510.00,4370.00,4370.00,6851.00,No,,,,07-07-2025, 11:45:30 p. m.,07-07-2025, 11:45:30 p. m.
51,"PCA106BAALER2","BARNIZ MARINO ALERCE","1/4 de galón",5430.00,4880.00,4640.00,4500.00,4500.00,7059.00,No,,,,07-07-2025, 11:45:30 p. m.,07-07-2025, 11:45:30 p. m.
52,"PCA106BACAB02","BARNIZ MARINO CAOBA","1/4 de galón",5430.00,4880.00,4640.00,4500.00,4500.00,7059.00,No,,,,07-07-2025, 11:45:30 p. m.,07-07-2025, 11:45:30 p. m.
53,"PCA106BAMAPL2","BARNIZ MARINO MAPLE","1/4 de galón",5430.00,4880.00,4640.00,4500.00,4500.00,7059.00,No,,,,07-07-2025, 11:45:30 p. m.,07-07-2025, 11:45:30 p. m.
54,"PCA106BANAT02","BARNIZ MARINO NATURAL","1/4 de galón",5430.00,4880.00,4640.00,4500.00,4500.00,7059.00,No,,,,07-07-2025, 11:45:30 p. m.,07-07-2025, 11:45:30 p. m.
55,"PCA106BANOG02","BARNIZ MARINO NOGAL","1/4 de galón",5430.00,4880.00,4640.00,4500.00,4500.00,7059.00,No,,,,07-07-2025, 11:45:31 p. m.,07-07-2025, 11:45:31 p. m.
56,"PCA106BAROBL2","BARNIZ MARINO ROBLE","1/4 de galón",5430.00,4880.00,4640.00,4500.00,4500.00,7059.00,No,,,,07-07-2025, 11:45:31 p. m.,07-07-2025, 11:45:31 p. m.
57,"PCA960ECOPBE2","ESMALTE AL AGUA COPPER BOSQUE ENCANTADO","1/4 de galón",4890.00,4410.00,4190.00,4020.00,4020.00,6357.00,No,,,,07-07-2025, 11:45:31 p. m.,07-07-2025, 11:45:31 p. m.
58,"PCA960ECOPBV2","ESMALTE AL AGUA COPPER BUENAS VIBRAS","1/4 de galón",4890.00,4410.00,4190.00,4020.00,4020.00,6357.00,No,,,,07-07-2025, 11:45:31 p. m.,07-07-2025, 11:45:31 p. m.
59,"PCA960ECOPCA2","ESMALTE AL AGUA COPPER CENIZA ACTIVA","1/4 de galón",4890.00,4410.00,4190.00,4020.00,4020.00,6357.00,No,,,,07-07-2025, 11:45:31 p. m.,07-07-2025, 11:45:31 p. m.
60,"PCA960ECOPGA2","ESMALTE AL AGUA COPPER GLACIAR AUSTRAL","1/4 de galón",4890.00,4410.00,4190.00,4020.00,4020.00,6357.00,No,,,,07-07-2025, 11:45:31 p. m.,07-07-2025, 11:45:31 p. m.
61,"PCA960ECOPMC2","ESMALTE AL AGUA COPPER MISTERIO COSMICO","1/4 de galón",4890.00,4410.00,4190.00,4020.00,4020.00,6357.00,No,,,,07-07-2025, 11:45:31 p. m.,07-07-2025, 11:45:31 p. m.
62,"PCA960ECOPSM2","ESMALTE AL AGUA COPPER SUR MAGICO","1/4 de galón",4890.00,4410.00,4190.00,4020.00,4020.00,6357.00,No,,,,07-07-2025, 11:45:31 p. m.,07-07-2025, 11:45:31 p. m.
63,"PCA960ECOPTC2","ESMALTE AL AGUA COPPER TOQUE CREATIVO","1/4 de galón",4890.00,4410.00,4190.00,4020.00,4020.00,6357.00,No,,,,07-07-2025, 11:45:31 p. m.,07-07-2025, 11:45:31 p. m.
64,"PCA960EXOPAR2","ESMALTE AL AGUA COPPER AMARILLO REY","1/4 de galón",4890.00,4410.00,4190.00,4020.00,4020.00,6357.00,No,,,,07-07-2025, 11:45:31 p. m.,07-07-2025, 11:45:31 p. m.
65,"PCA960ECOPAT2","ESMALTE AL AGUA COPPER AMARILLO TOPACIO","1/4 de galón",4890.00,4410.00,4190.00,4020.00,4020.00,6357.00,No,,,,07-07-2025, 11:45:31 p. m.,07-07-2025, 11:45:31 p. m.
66,"PCA960ECOPAC2","ESMALTE AL AGUA COPPER AZUL COLONIAL","1/4 de galón",4890.00,4410.00,4190.00,4020.00,4020.00,6357.00,No,,,,07-07-2025, 11:45:31 p. m.,07-07-2025, 11:45:31 p. m.
67,"PCA960COPPBL2","ESMALTE AL AGUA COPPER BLANCO","1/4 de galón",4890.00,4410.00,4190.00,4020.00,4020.00,6357.00,No,,,,07-07-2025, 11:45:31 p. m.,07-07-2025, 11:45:31 p. m.
68,"PCA960ECOPBI2","ESMALTE AL AGUA COPPER BLANCO INVIERNO","1/4 de galón",4890.00,4410.00,4190.00,4020.00,4020.00,6357.00,No,,,,07-07-2025, 11:45:31 p. m.,07-07-2025, 11:45:31 p. m.
69,"PCA960ECOPBN2","ESMALTE AL AGUA COPPER BLANCO NACAR","1/4 de galón",4890.00,4410.00,4190.00,4020.00,4020.00,6357.00,No,,,,07-07-2025, 11:45:32 p. m.,07-07-2025, 11:45:32 p. m.
70,"PCA960ECOPCC2","ESMALTE AL AGUA COPPER CALIDA CALMA","1/4 de galón",4890.00,4410.00,4190.00,4020.00,4020.00,6357.00,No,,,,07-07-2025, 11:45:32 p. m.,07-07-2025, 11:45:32 p. m.
71,"PCA960ECOPDA2","ESMALTE AL AGUA COPPER DAMASCO","1/4 de galón",4890.00,4410.00,4190.00,4020.00,4020.00,6357.00,No,,,,07-07-2025, 11:45:32 p. m.,07-07-2025, 11:45:32 p. m.
72,"PCA960ECOPLS2","ESMALTE AL AGUA COPPER LINO SUAVE","1/4 de galón",4890.00,4410.00,4190.00,4020.00,4020.00,6357.00,No,,,,07-07-2025, 11:45:32 p. m.,07-07-2025, 11:45:32 p. m.
73,"PCA960ECOPNE2","ESMALTE AL AGUA COPPER NEGRO","1/4 de galón",4890.00,4410.00,4190.00,4020.00,4020.00,6357.00,No,,,,07-07-2025, 11:45:32 p. m.,07-07-2025, 11:45:32 p. m.
74,"PCA960ECOPPI2","ESMALTE AL AGUA COPPER PISTACHO","1/4 de galón",4890.00,4410.00,4190.00,4020.00,4020.00,6357.00,No,,,,07-07-2025, 11:45:32 p. m.,07-07-2025, 11:45:32 p. m.
75,"PCA960ECOPRC2","ESMALTE AL AGUA COPPER ROJO COLONIAL","1/4 de galón",4890.00,4410.00,4190.00,4020.00,4020.00,6357.00,No,,,,07-07-2025, 11:45:32 p. m.,07-07-2025, 11:45:32 p. m.
76,"PCA960ECOPRJ2","ESMALTE AL AGUA COPPER ROJO JAPON","1/4 de galón",4890.00,4410.00,4190.00,4020.00,4020.00,6357.00,No,,,,07-07-2025, 11:45:32 p. m.,07-07-2025, 11:45:32 p. m.
77,"PCA960ECOPRT2","ESMALTE AL AGUA COPPER ROSADO TULIPAN","1/4 de galón",4890.00,4410.00,4190.00,4020.00,4020.00,6357.00,No,,,,07-07-2025, 11:45:32 p. m.,07-07-2025, 11:45:32 p. m.
78,"PCA108BLAN002","DOBLE ACCIÓN ESMALTE ANTICORROSIVO BLANCO","1/4 de galón",6990.00,6290.00,5980.00,5800.00,5800.00,9087.00,No,,,,07-07-2025, 11:45:32 p. m.,07-07-2025, 11:45:32 p. m.
79,"PCA108GRIS002","DOBLE ACCIÓN ESMALTE ANTICORROSIVO GRIS","1/4 de galón",6990.00,6290.00,5980.00,5800.00,5800.00,9087.00,No,,,,07-07-2025, 11:45:32 p. m.,07-07-2025, 11:45:32 p. m.
80,"PCA108NEGRO02","DOBLE ACCIÓN ESMALTE ANTICORROSIVO NEGRO","1/4 de galón",6990.00,6290.00,5980.00,5800.00,5800.00,9087.00,No,,,,07-07-2025, 11:45:32 p. m.,07-07-2025, 11:45:32 p. m.
81,"PCA108ROJO002","DOBLE ACCIÓN ESMALTE ANTICORROSIVO ROJO","1/4 de galón",6990.00,6290.00,5980.00,5800.00,5800.00,9087.00,No,,,,07-07-2025, 11:45:32 p. m.,07-07-2025, 11:45:32 p. m.
82,"PCA108VERDE02","DOBLE ACCIÓN ESMALTE ANTICORROSIVO VERDE","1/4 de galón",6990.00,6290.00,5980.00,5800.00,5800.00,9087.00,No,,,,07-07-2025, 11:45:33 p. m.,07-07-2025, 11:45:33 p. m.
83,"PCA922GRIMA02","ESMALTE SINTETICO GRIS","1/4 de galón",6150.00,5530.00,5260.00,5100.00,5100.00,7995.00,No,,,,07-07-2025, 11:45:33 p. m.,07-07-2025, 11:45:33 p. m.
84,"PCA922AREY002","ESMALTE SINTETICO AMARILLO","1/4 de galón",6150.00,5530.00,5260.00,5100.00,5100.00,7995.00,No,,,,07-07-2025, 11:45:33 p. m.,07-07-2025, 11:45:33 p. m.
85,"PCA922AZPACI2","ESMALTE SINTETICO AZUL","1/4 de galón",6150.00,5530.00,5260.00,5100.00,5100.00,7995.00,No,,,,07-07-2025, 11:45:33 p. m.,07-07-2025, 11:45:33 p. m.
86,"PCA922BERME02","ESMALTE SINTETICO BERMELLON","1/4 de galón",6150.00,5530.00,5260.00,5100.00,5100.00,7995.00,No,,,,07-07-2025, 11:45:33 p. m.,07-07-2025, 11:45:33 p. m.
87,"PCA922BLAN002","ESMALTE SINTETICO BLANCO","1/4 de galón",6150.00,5530.00,5260.00,5100.00,5100.00,7995.00,No,,,,07-07-2025, 11:45:33 p. m.,07-07-2025, 11:45:33 p. m.
88,"PCA922CAFMO02","ESMALTE SINTETICO CAFE","1/4 de galón",6150.00,5530.00,5260.00,5100.00,5100.00,7995.00,No,,,,07-07-2025, 11:45:33 p. m.,07-07-2025, 11:45:33 p. m.
89,"PCA922NARAN02","ESMALTE SINTETICO NARANJA","1/4 de galón",6150.00,5530.00,5260.00,5100.00,5100.00,7995.00,No,,,,07-07-2025, 11:45:33 p. m.,07-07-2025, 11:45:33 p. m.
90,"PCA922NEGRO02","ESMALTE SINTETICO NEGRO","1/4 de galón",6150.00,5530.00,5260.00,5100.00,5100.00,7995.00,No,,,,07-07-2025, 11:45:33 p. m.,07-07-2025, 11:45:33 p. m.
91,"PCA922VERESM2","ESMALTE SINTETICO VERDE","1/4 de galón",6150.00,5530.00,5260.00,5100.00,5100.00,7995.00,No,,,,07-07-2025, 11:45:33 p. m.,07-07-2025, 11:45:33 p. m.
92,"PCA901CONST04","LATEX CONSTRUCCIÓN BLANCO","1/4 de galón",3290.00,2970.00,2820.00,2740.00,2740.00,4277.00,No,,,,07-07-2025, 11:45:33 p. m.,07-07-2025, 11:45:33 p. m.
93,"PCA926AMAREY2","OLEO BRILLANTE AMARILLO","1/4 de galón",5590.00,5090.00,4790.00,4640.00,4640.00,7267.00,No,,,,07-07-2025, 11:45:33 p. m.,07-07-2025, 11:45:33 p. m.
94,"PCA926AZUPAC2","OLEO BRILLANTE AZUL","1/4 de galón",5590.00,5090.00,4790.00,4640.00,4640.00,7267.00,No,,,,07-07-2025, 11:45:33 p. m.,07-07-2025, 11:45:33 p. m.
95,"PCA926BERME02","OLEO BRILLANTE BERMELLON","1/4 de galón",5590.00,5090.00,4790.00,4640.00,4640.00,7267.00,No,,,,07-07-2025, 11:45:33 p. m.,07-07-2025, 11:45:33 p. m.
96,"PCA926BLAN002","OLEO BRILLANTE BLANCO","1/4 de galón",5590.00,5090.00,4790.00,4640.00,4640.00,7267.00,No,,,,07-07-2025, 11:45:34 p. m.,07-07-2025, 11:45:34 p. m.
97,"PCA926CAFE002","OLEO BRILLANTE CAFE","1/4 de galón",5590.00,5090.00,4790.00,4640.00,4640.00,7267.00,No,,,,07-07-2025, 11:45:34 p. m.,07-07-2025, 11:45:34 p. m.
98,"PCA926CREMA02","OLEO BRILLANTE CREMA","1/4 de galón",5590.00,5090.00,4790.00,4640.00,4640.00,7267.00,No,,,,07-07-2025, 11:45:34 p. m.,07-07-2025, 11:45:34 p. m.
99,"PCA926GRIMAQ2","OLEO BRILLANTE GRIS","1/4 de galón",5590.00,5090.00,4790.00,4640.00,4640.00,7267.00,No,,,,07-07-2025, 11:45:34 p. m.,07-07-2025, 11:45:34 p. m.
100,"PCA926NEGRO02","OLEO BRILLANTE NEGRO","1/4 de galón",5590.00,5090.00,4790.00,4640.00,4640.00,7267.00,No,,,,07-07-2025, 11:45:34 p. m.,07-07-2025, 11:45:34 p. m.
101,"PCA926VERESM2","OLEO BRILLANTE VERDE","1/4 de galón",5590.00,5090.00,4790.00,4640.00,4640.00,7267.00,No,,,,07-07-2025, 11:45:34 p. m.,07-07-2025, 11:45:34 p. m.
102,"PCA910BLANC02","OLEO OPACO BLANCO","1/4 de galón",5100.00,4650.00,4430.00,4290.00,4290.00,6630.00,No,,,,07-07-2025, 11:45:34 p. m.,07-07-2025, 11:45:34 p. m.
103,"PCA904BLAN002","OLEO SEMI BRILLO BLANCO","1/4 de galón",5400.00,4890.00,4590.00,4490.00,4490.00,7020.00,No,,,,07-07-2025, 11:45:34 p. m.,07-07-2025, 11:45:34 p. m.
104,"PCA113POLALE2","STAIN ALERCE","1/4 de galón",5670.00,5100.00,4850.00,4700.00,4700.00,7371.00,No,,,,07-07-2025, 11:45:34 p. m.,07-07-2025, 11:45:34 p. m.
105,"PCA113POLARB2","STAIN ARBOLEDA","1/4 de galón",5670.00,5100.00,4850.00,4700.00,4700.00,7371.00,No,,,,07-07-2025, 11:45:34 p. m.,07-07-2025, 11:45:34 p. m.
106,"PCA113POLCAO2","STAIN CAOBA","1/4 de galón",5670.00,5100.00,4850.00,4700.00,4700.00,7371.00,No,,,,07-07-2025, 11:45:34 p. m.,07-07-2025, 11:45:34 p. m.
107,"PCA113POLCAS2","STAIN CASTAÑO","1/4 de galón",5670.00,5100.00,4850.00,4700.00,4700.00,7371.00,No,,,,07-07-2025, 11:45:34 p. m.,07-07-2025, 11:45:34 p. m.
108,"PCA113POLENC2","STAIN ENCINA","1/4 de galón",5670.00,5100.00,4850.00,4700.00,4700.00,7371.00,No,,,,07-07-2025, 11:45:34 p. m.,07-07-2025, 11:45:34 p. m.
109,"PCA113POLNAT2","STAIN NATURAL","1/4 de galón",5670.00,5100.00,4850.00,4700.00,4700.00,7371.00,No,,,,07-07-2025, 11:45:34 p. m.,07-07-2025, 11:45:34 p. m.
110,"PCA113NEGRO02","STAIN NEGRO","1/4 de galón",5670.00,5100.00,4850.00,4700.00,4700.00,7371.00,No,,,,07-07-2025, 11:45:35 p. m.,07-07-2025, 11:45:35 p. m.
111,"PCA113POLNOG2","STAIN NOGAL","1/4 de galón",5670.00,5100.00,4850.00,4700.00,4700.00,7371.00,No,,,,07-07-2025, 11:45:35 p. m.,07-07-2025, 11:45:35 p. m.
112,"PCA113POLPAR2","STAIN PALO ROSA","1/4 de galón",5670.00,5100.00,4850.00,4700.00,4700.00,7371.00,No,,,,07-07-2025, 11:45:35 p. m.,07-07-2025, 11:45:35 p. m.
113,"PCA113POLORE2","STAIN PINO OREGON","1/4 de galón",5670.00,5100.00,4850.00,4700.00,4700.00,7371.00,No,,,,07-07-2025, 11:45:35 p. m.,07-07-2025, 11:45:35 p. m.
114,"PCA113POLROB2","STAIN ROBLE","1/4 de galón",5670.00,5100.00,4850.00,4700.00,4700.00,7371.00,No,,,,07-07-2025, 11:45:35 p. m.,07-07-2025, 11:45:35 p. m.
115,"PCA113POLVER2","STAIN VERDE","1/4 de galón",5670.00,5100.00,4850.00,4700.00,4700.00,7371.00,No,,,,07-07-2025, 11:45:35 p. m.,07-07-2025, 11:45:35 p. m.
116,"PCA920AGUINC2","SELLADOR BASE AGUA HIDROREPELENTE","1/4 de galón",5000.00,4750.00,4500.00,4100.00,4100.00,6500.00,No,,,,07-07-2025, 11:45:35 p. m.,07-07-2025, 11:45:35 p. m.
117,"PCA103MADPLU2","VITRIFICANTE DE MADERA VITRO PLUS","1/4 de galón",7490.00,6690.00,6390.00,6190.00,6190.00,9737.00,No,,,,07-07-2025, 11:45:35 p. m.,07-07-2025, 11:45:35 p. m.
118,"PCA106BLANCO6","ANTICORROSIVO ESTRUCTURAL BLANCO","BD 4 gl",66320.00,59690.00,56700.00,55000.00,55000.00,86216.00,No,,,,07-07-2025, 11:45:35 p. m.,07-07-2025, 11:45:35 p. m.
119,"PCA106NEGRO06","ANTICORROSIVO ESTRUCTURAL NEGRO","BD 4 gl",66320.00,59690.00,56700.00,55000.00,55000.00,86216.00,No,,,,07-07-2025, 11:45:35 p. m.,07-07-2025, 11:45:35 p. m.
120,"PCA106GRIS006","ANTICORROSIVO ESTRUCTURAL GRIS","BD 4 gl",66320.00,59690.00,56700.00,55000.00,55000.00,86216.00,No,,,,07-07-2025, 11:45:35 p. m.,07-07-2025, 11:45:35 p. m.
121,"PCA106OCRE055","ANTICORROSIVO ESTRUCTURAL OCRE","BD 4 gl",66320.00,59690.00,56700.00,55000.00,55000.00,86216.00,No,,,,07-07-2025, 11:45:35 p. m.,07-07-2025, 11:45:35 p. m.
122,"PCA106ROJO006","ANTICORROSIVO ESTRUCTURAL ROJO","BD 4 gl",66320.00,59690.00,56700.00,55000.00,55000.00,86216.00,No,,,,07-07-2025, 11:45:35 p. m.,07-07-2025, 11:45:35 p. m.
123,"PCA106BANAT06","BARNIZ MARINO NATURAL","BD 4 gl",75990.00,68390.00,64990.00,62990.00,62990.00,98787.00,No,,,,07-07-2025, 11:45:36 p. m.,07-07-2025, 11:45:36 p. m.
124,"PCA915BLANC06","ESMALTE AL AGUA OPACO BLANCO","BD 4 gl",48190.00,43390.00,41290.00,39990.00,39990.00,62647.00,No,,,,07-07-2025, 11:45:36 p. m.,07-07-2025, 11:45:36 p. m.
125,"PCA941CLIBL06","ESMALTE AL AGUA CLINIC COPPER BLANCO","BD 4 gl",56780.00,53790.00,51100.00,49590.00,49590.00,73814.00,No,,,,07-07-2025, 11:45:36 p. m.,07-07-2025, 11:45:36 p. m.
126,"PCA925COBLA06","ESMALTE AL AGUA CONSTRUCCIÓN BLANCO","BD 4 gl",40560.00,36510.00,34680.00,33640.00,33640.00,52728.00,No,,,,07-07-2025, 11:45:36 p. m.,07-07-2025, 11:45:36 p. m.
127,"PCA960ECOPBL6","ESMALTE AL AGUA COPPER BLANCO","BD 4 gl",58390.00,52690.00,49990.00,48490.00,48490.00,75907.00,No,,,,07-07-2025, 11:45:36 p. m.,07-07-2025, 11:45:36 p. m.
128,"PCA108BLAN006","DOBLE ACCIÓN ESMALTE ANTICORROSIVO BLANCO","BD 4 gl",78370.00,70540.00,67010.00,65000.00,65000.00,101881.00,No,,,,07-07-2025, 11:45:36 p. m.,07-07-2025, 11:45:36 p. m.
129,"PCA108GRIS006","DOBLE ACCIÓN ESMALTE ANTICORROSIVO GRIS","BD 4 gl",78370.00,70540.00,67010.00,65000.00,65000.00,101881.00,No,,,,07-07-2025, 11:45:36 p. m.,07-07-2025, 11:45:36 p. m.
130,"PCA108NEGR006","DOBLE ACCIÓN ESMALTE ANTICORROSIVO NEGRO","BD 4 gl",78370.00,70540.00,67010.00,65000.00,65000.00,101881.00,No,,,,07-07-2025, 11:45:36 p. m.,07-07-2025, 11:45:36 p. m.
131,"PCA922AMAREY6","ESMALTE SINTETICO AMARILLO","BD 4 gl",84390.00,75990.00,72190.00,69990.00,69990.00,109707.00,No,,,,07-07-2025, 11:45:36 p. m.,07-07-2025, 11:45:36 p. m.
132,"PCA922AZPACI6","ESMALTE SINTETICO AZUL","BD 4 gl",84390.00,75990.00,72190.00,69990.00,69990.00,109707.00,No,,,,07-07-2025, 11:45:36 p. m.,07-07-2025, 11:45:36 p. m.
133,"PCA922BLAN056","ESMALTE SINTETICO BLANCO","BD 4 gl",84390.00,75990.00,72190.00,69990.00,69990.00,109707.00,No,,,,07-07-2025, 11:45:36 p. m.,07-07-2025, 11:45:36 p. m.
134,"PCA922GRIMAQ6","ESMALTE SINTETICO GRIS","BD 4 gl",84390.00,75990.00,72190.00,69990.00,69990.00,109707.00,No,,,,07-07-2025, 11:45:36 p. m.,07-07-2025, 11:45:36 p. m.
135,"PCA922NEGRO06","ESMALTE SINTETICO NEGRO","BD 4 gl",84390.00,75990.00,72190.00,69990.00,69990.00,109707.00,No,,,,07-07-2025, 11:45:36 p. m.,07-07-2025, 11:45:36 p. m.
136,"PCA921AZULCA6","FIBRO COPPER AZUL CANADA","BD 4 gl",41730.00,37540.00,35670.00,34600.00,34600.00,54249.00,No,,,,07-07-2025, 11:45:36 p. m.,07-07-2025, 11:45:36 p. m.
137,"PCA921GRISOS6","FIBRO COPPER GRIS OSCURO","BD 4 gl",41730.00,37540.00,35670.00,34600.00,34600.00,54249.00,No,,,,07-07-2025, 11:45:37 p. m.,07-07-2025, 11:45:37 p. m.
138,"PCA921NEGRO06","FIBRO COPPER NEGRO","BD 4 gl",41730.00,37540.00,35670.00,34600.00,34600.00,54249.00,No,,,,07-07-2025, 11:45:37 p. m.,07-07-2025, 11:45:37 p. m.
139,"PCA900CONBL06","LATEX BLANCO OBRA","BD 4 gl",29600.00,26640.00,25300.00,24550.00,24550.00,38480.00,No,,,,07-07-2025, 11:45:37 p. m.,07-07-2025, 11:45:37 p. m.
140,"PCA900BLOBR06","LATEX CONSTRUCCIÓN BLANCO","BD 4 gl",25210.00,22690.00,21560.00,20910.00,20910.00,32773.00,No,,,,07-07-2025, 11:45:37 p. m.,07-07-2025, 11:45:37 p. m.
141,"PCAEXTRACUB06","LATEX SUPER CUBRIENTE BLANCO","BD 4 gl",42790.00,38490.00,36590.00,35490.00,35490.00,55627.00,No,,,,07-07-2025, 11:45:37 p. m.,07-07-2025, 11:45:37 p. m.
142,"PCA926BLAN056","OLEO BRILLANTE BLANCO","BD 4 gl",75850.00,68270.00,64860.00,62910.00,62910.00,98605.00,No,,,,07-07-2025, 11:45:37 p. m.,07-07-2025, 11:45:37 p. m.
143,"PCA926VERESM6","OLEO BRILLANTE NEGRO","BD 4 gl",75850.00,68270.00,64860.00,62910.00,62910.00,98605.00,No,,,,07-07-2025, 11:45:37 p. m.,07-07-2025, 11:45:37 p. m.
144,"PCA910BLAN056","OLEO OPACO BLANCO","BD 4 gl",74890.00,67390.00,63990.00,61990.00,61990.00,97357.00,No,,,,07-07-2025, 11:45:37 p. m.,07-07-2025, 11:45:37 p. m.
145,"PCA904BLAN056","OLEO SEMI BRILLO BLANCO","BD 4 gl",75850.00,68270.00,64860.00,62910.00,62910.00,98605.00,No,,,,07-07-2025, 11:45:37 p. m.,07-07-2025, 11:45:37 p. m.
146,"PCA113POLNAT6","STAIN NATURAL","BD 4 gl",77610.00,69850.00,66360.00,64370.00,64370.00,100893.00,No,,,,07-07-2025, 11:45:37 p. m.,07-07-2025, 11:45:37 p. m.
147,"PCA907BLAN056","ZINC ACRYL BLANCO","BD 4 gl",60290.00,54240.00,51530.00,49990.00,49990.00,78377.00,No,,,,07-07-2025, 11:45:37 p. m.,07-07-2025, 11:45:37 p. m.
148,"PCA907GRIS056","ZINC ACRYL GRIS","BD 4 gl",60290.00,54240.00,51530.00,49990.00,49990.00,78377.00,No,,,,07-07-2025, 11:45:37 p. m.,07-07-2025, 11:45:37 p. m.
149,"PCA907NEGRO06","ZINC ACRYL NEGRO","BD 4 gl",60290.00,54240.00,51530.00,49990.00,49990.00,78377.00,No,,,,07-07-2025, 11:45:37 p. m.,07-07-2025, 11:45:37 p. m.
150,"PCA907ROJO056","ZINC ACRYL ROJO","BD 4 gl",60290.00,54240.00,51530.00,49990.00,49990.00,78377.00,No,,,,07-07-2025, 11:45:37 p. m.,07-07-2025, 11:45:37 p. m.
151,"PCA907VERD056","ZINC ACRYL VERDE","BD 4 gl",60290.00,54240.00,51530.00,49990.00,49990.00,78377.00,No,,,,07-07-2025, 11:45:38 p. m.,07-07-2025, 11:45:38 p. m.
152,"PCA960ECOPBL5","ESMALTE AL AGUA COPPER BLANCO","BD 5 gl",70190.00,63190.00,59990.00,58190.00,58190.00,91247.00,No,,,,07-07-2025, 11:45:38 p. m.,07-07-2025, 11:45:38 p. m.
153,"PCA960ECONE5","ESMALTE AL AGUA COPPER NEGRO","BD 5 gl",70190.00,63190.00,59990.00,58190.00,58190.00,91247.00,No,,,,07-07-2025, 11:45:38 p. m.,07-07-2025, 11:45:38 p. m.
154,"PCA106BLANCO1","ANTICORROSIVO ESTRUCTURAL BLANCO","GL",16890.00,15190.00,14490.00,14250.00,14250.00,21957.00,No,,,,07-07-2025, 11:45:38 p. m.,07-07-2025, 11:45:38 p. m.
155,"PCA106GRIS001","ANTICORROSIVO ESTRUCTURAL GRIS","GL",16890.00,15190.00,14490.00,14250.00,14250.00,21957.00,No,,,,07-07-2025, 11:45:38 p. m.,07-07-2025, 11:45:38 p. m.
156,"PCA106NEGR001","ANTICORROSIVO ESTRUCTURAL NEGRO","GL",16890.00,15190.00,14490.00,14250.00,14250.00,21957.00,No,,,,07-07-2025, 11:45:38 p. m.,07-07-2025, 11:45:38 p. m.
157,"PCA106OCRE001","ANTICORROSIVO ESTRUCTURAL OCRE","GL",16890.00,15190.00,14490.00,14250.00,14250.00,21957.00,No,,,,07-07-2025, 11:45:38 p. m.,07-07-2025, 11:45:38 p. m.
158,"PCA106ROJO001","ANTICORROSIVO ESTRUCTURAL ROJO","GL",16890.00,15190.00,14490.00,14250.00,14250.00,21957.00,No,,,,07-07-2025, 11:45:38 p. m.,07-07-2025, 11:45:38 p. m.
159,"PCA106VERDE01","ANTICORROSIVO ESTRUCTURAL VERDE","GL",16890.00,15190.00,14490.00,14250.00,14250.00,21957.00,No,,,,07-07-2025, 11:45:38 p. m.,07-07-2025, 11:45:38 p. m.
160,"PCA106BAALER1","BARNIZ MARINO ALERCE","GL",17250.00,15530.00,14750.00,14310.00,14310.00,22425.00,No,,,,07-07-2025, 11:45:38 p. m.,07-07-2025, 11:45:38 p. m.
161,"PCA106BACAOB1","BARNIZ MARINO CAOBA","GL",17250.00,15530.00,14750.00,14310.00,14310.00,22425.00,No,,,,07-07-2025, 11:45:38 p. m.,07-07-2025, 11:45:38 p. m.
162,"PCA106BAMAPL1","BARNIZ MARINO MAPLE","GL",17250.00,15530.00,14750.00,14310.00,14310.00,22425.00,No,,,,07-07-2025, 11:45:38 p. m.,07-07-2025, 11:45:38 p. m.
163,"PCA106BANAT01","BARNIZ MARINO NATURAL","GL",17250.00,15530.00,14750.00,14310.00,14310.00,22425.00,No,,,,07-07-2025, 11:45:38 p. m.,07-07-2025, 11:45:38 p. m.
164,"PCA106BANOG01","BARNIZ MARINO NOGAL","GL",17250.00,15530.00,14750.00,14310.00,14310.00,22425.00,No,,,,07-07-2025, 11:45:39 p. m.,07-07-2025, 11:45:39 p. m.
165,"PCA106BAROBL1","BARNIZ MARINO ROBLE","GL",17250.00,15530.00,14750.00,14310.00,14310.00,22425.00,No,,,,07-07-2025, 11:45:39 p. m.,07-07-2025, 11:45:39 p. m.
166,"PCA925CONST01","ESMALTE AL AGUA CONSTRUCCIÓN BLANCO","GL",12270.00,11050.00,10490.00,10180.00,10180.00,15951.00,No,,,,07-07-2025, 11:45:39 p. m.,07-07-2025, 11:45:39 p. m.
167,"PCA960EXOPAR1","ESMALTE AL AGUA COPPER AMARILLO REY","GL",17120.00,15410.00,14640.00,14200.00,14200.00,22256.00,No,,,,07-07-2025, 11:45:39 p. m.,07-07-2025, 11:45:39 p. m.
168,"PCA960ECOPAT1","ESMALTE AL AGUA COPPER AMARILLO TOPACIO","GL",17120.00,15410.00,14640.00,14200.00,14200.00,22256.00,No,,,,07-07-2025, 11:45:39 p. m.,07-07-2025, 11:45:39 p. m.
169,"PCA960ECOPAC1","ESMALTE AL AGUA COPPER AZUL COLONIAL","GL",17120.00,15410.00,14640.00,14200.00,14200.00,22256.00,No,,,,07-07-2025, 11:45:39 p. m.,07-07-2025, 11:45:39 p. m.
170,"PCA960COPPBL1","ESMALTE AL AGUA COPPER BLANCO","GL",17120.00,15410.00,14640.00,14200.00,14200.00,22256.00,No,,,,07-07-2025, 11:45:39 p. m.,07-07-2025, 11:45:39 p. m.
171,"PCA960ECOPBI1","ESMALTE AL AGUA COPPER BLANCO INVIERNO","GL",17120.00,15410.00,14640.00,14200.00,14200.00,22256.00,No,,,,07-07-2025, 11:45:39 p. m.,07-07-2025, 11:45:39 p. m.
172,"PCA960ECOPBE1","ESMALTE AL AGUA COPPER BOSQUE ENCANTADO","GL",17120.00,15410.00,14640.00,14200.00,14200.00,22256.00,No,,,,07-07-2025, 11:45:39 p. m.,07-07-2025, 11:45:39 p. m.
173,"PCA960ECOPBV1","ESMALTE AL AGUA COPPER BUENAS VIBRAS","GL",17120.00,15410.00,14640.00,14200.00,14200.00,22256.00,No,,,,07-07-2025, 11:45:39 p. m.,07-07-2025, 11:45:39 p. m.
174,"PCA960CAFEMO1","ESMALTE AL AGUA COPPER CAFE","GL",17120.00,15410.00,14640.00,14200.00,14200.00,22256.00,No,,,,07-07-2025, 11:45:39 p. m.,07-07-2025, 11:45:39 p. m.
175,"PCA960ECOPCC1","ESMALTE AL AGUA COPPER CALIDA CALMA","GL",17120.00,15410.00,14640.00,14200.00,14200.00,22256.00,No,,,,07-07-2025, 11:45:39 p. m.,07-07-2025, 11:45:39 p. m.
176,"PCA960ECOPCA1","ESMALTE AL AGUA COPPER CENIZA ACTIVA","GL",17120.00,15410.00,14640.00,14200.00,14200.00,22256.00,No,,,,07-07-2025, 11:45:39 p. m.,07-07-2025, 11:45:39 p. m.
177,"PCA960ECOPDA1","ESMALTE AL AGUA COPPER DAMASCO","GL",17120.00,15410.00,14640.00,14200.00,14200.00,22256.00,No,,,,07-07-2025, 11:45:39 p. m.,07-07-2025, 11:45:39 p. m.
178,"PCA960ECOPGA1","ESMALTE AL AGUA COPPER GLACIAR AUSTRAL","GL",17120.00,15410.00,14640.00,14200.00,14200.00,22256.00,No,,,,07-07-2025, 11:45:40 p. m.,07-07-2025, 11:45:40 p. m.
179,"PCA960ECOPLS1","ESMALTE AL AGUA COPPER LINO SUAVE","GL",17120.00,15410.00,14640.00,14200.00,14200.00,22256.00,No,,,,07-07-2025, 11:45:40 p. m.,07-07-2025, 11:45:40 p. m.
180,"PCA960ECOPMO1","ESMALTE AL AGUA COPPER MARFIL ORIENTAL","GL",17120.00,15410.00,14640.00,14200.00,14200.00,22256.00,No,,,,07-07-2025, 11:45:40 p. m.,07-07-2025, 11:45:40 p. m.
181,"PCA960ECOPMC1","ESMALTE AL AGUA COPPER MISTERIO COSMICO","GL",17120.00,15410.00,14640.00,14200.00,14200.00,22256.00,No,,,,07-07-2025, 11:45:40 p. m.,07-07-2025, 11:45:40 p. m.
182,"PCA960ECOPNE1","ESMALTE AL AGUA COPPER NEGRO","GL",17120.00,15410.00,14640.00,14200.00,14200.00,22256.00,No,,,,07-07-2025, 11:45:40 p. m.,07-07-2025, 11:45:40 p. m.
183,"PCA960ECOPPI1","ESMALTE AL AGUA COPPER PISTACHO","GL",17120.00,15410.00,14640.00,14200.00,14200.00,22256.00,No,,,,07-07-2025, 11:45:40 p. m.,07-07-2025, 11:45:40 p. m.
184,"PCA960ECOPRC1","ESMALTE AL AGUA COPPER ROJO COLONIAL","GL",17120.00,15410.00,14640.00,14200.00,14200.00,22256.00,No,,,,07-07-2025, 11:45:40 p. m.,07-07-2025, 11:45:40 p. m.
185,"PCA960ECOPRJ1","ESMALTE AL AGUA COPPER ROJO JAPON","GL",17120.00,15410.00,14640.00,14200.00,14200.00,22256.00,No,,,,07-07-2025, 11:45:40 p. m.,07-07-2025, 11:45:40 p. m.
186,"PCA960ECOPRT1","ESMALTE AL AGUA COPPER ROSADO TULIPAN","GL",17120.00,15410.00,14640.00,14200.00,14200.00,22256.00,No,,,,07-07-2025, 11:45:40 p. m.,07-07-2025, 11:45:40 p. m.
187,"PCA960ECOPSM1","ESMALTE AL AGUA COPPER SUR MAGICO","GL",17120.00,15410.00,14640.00,14200.00,14200.00,22256.00,No,,,,07-07-2025, 11:45:40 p. m.,07-07-2025, 11:45:40 p. m.
188,"PCA960ECOPTC1","ESMALTE AL AGUA COPPER TOQUE CREATIVO","GL",17120.00,15410.00,14640.00,14200.00,14200.00,22256.00,No,,,,07-07-2025, 11:45:40 p. m.,07-07-2025, 11:45:40 p. m.
189,"PCA960ECOPBN1","ESMALTE AL AGUA COPPER BLANCO NACAR","GL",17120.00,15410.00,14640.00,14200.00,14200.00,22256.00,No,,,,07-07-2025, 11:45:40 p. m.,07-07-2025, 11:45:40 p. m.
190,"PCA914BLAOIN1","ESMALTE AL AGUA OPACO BLANCO","GL",13320.00,11990.00,11330.00,10990.00,10990.00,17316.00,No,,,,07-07-2025, 11:45:40 p. m.,07-07-2025, 11:45:40 p. m.
191,"PCA108BLAN001","DOBLE ACCIÓN ESMALTE ANTICORROSIVO BLANCO","GL",19160.00,17240.00,16380.00,15990.00,15990.00,24908.00,No,,,,07-07-2025, 11:45:41 p. m.,07-07-2025, 11:45:41 p. m.
192,"PCA108GRIS001","DOBLE ACCIÓN ESMALTE ANTICORROSIVO GRIS","GL",19160.00,17240.00,16380.00,15990.00,15990.00,24908.00,No,,,,07-07-2025, 11:45:41 p. m.,07-07-2025, 11:45:41 p. m.
193,"PCA108NEGR001","DOBLE ACCIÓN ESMALTE ANTICORROSIVO NEGRO","GL",19160.00,17240.00,16380.00,15990.00,15990.00,24908.00,No,,,,07-07-2025, 11:45:41 p. m.,07-07-2025, 11:45:41 p. m.
194,"PCA108ROJO001","DOBLE ACCIÓN ESMALTE ANTICORROSIVO ROJO","GL",19160.00,17240.00,16380.00,15990.00,15990.00,24908.00,No,,,,07-07-2025, 11:45:41 p. m.,07-07-2025, 11:45:41 p. m.
195,"PCA108VERDE01","DOBLE ACCIÓN ESMALTE ANTICORROSIVO VERDE","GL",19160.00,17240.00,16380.00,15990.00,15990.00,24908.00,No,,,,07-07-2025, 11:45:41 p. m.,07-07-2025, 11:45:41 p. m.
196,"PCA922AREY001","ESMALTE SINTETICO AMARILLO","GL",23510.00,21160.00,20100.00,19500.00,19500.00,30563.00,No,,,,07-07-2025, 11:45:41 p. m.,07-07-2025, 11:45:41 p. m.
197,"PCA922AZPACI1","ESMALTE SINTETICO AZUL","GL",23510.00,21160.00,20100.00,19500.00,19500.00,30563.00,No,,,,07-07-2025, 11:45:41 p. m.,07-07-2025, 11:45:41 p. m.
198,"PCA922BERME01","ESMALTE SINTETICO BERMELLON","GL",23510.00,21160.00,20100.00,19500.00,19500.00,30563.00,No,,,,07-07-2025, 11:45:41 p. m.,07-07-2025, 11:45:41 p. m.
199,"PCA922BLAN001","ESMALTE SINTETICO BLANCO","GL",23510.00,21160.00,20100.00,19500.00,19500.00,30563.00,No,,,,07-07-2025, 11:45:41 p. m.,07-07-2025, 11:45:41 p. m.
200,"PCA922CAFEM01","ESMALTE SINTETICO CAFE","GL",23510.00,21160.00,20100.00,19500.00,19500.00,30563.00,No,,,,07-07-2025, 11:45:41 p. m.,07-07-2025, 11:45:41 p. m.
201,"PCA922GRIMAQ1","ESMALTE SINTETICO GRIS","GL",23510.00,21160.00,20100.00,19500.00,19500.00,30563.00,No,,,,07-07-2025, 11:45:41 p. m.,07-07-2025, 11:45:41 p. m.
202,"PCA922NARAN01","ESMALTE SINTETICO NARANJO","GL",23510.00,21160.00,20100.00,19500.00,19500.00,30563.00,No,,,,07-07-2025, 11:45:41 p. m.,07-07-2025, 11:45:41 p. m.
203,"PCA922NEGRO01","ESMALTE SINTETICO NEGRO","GL",23510.00,21160.00,20100.00,19500.00,19500.00,30563.00,No,,,,07-07-2025, 11:45:41 p. m.,07-07-2025, 11:45:41 p. m.
204,"PCA922VERESM1","ESMALTE SINTETICO VERDE","GL",23510.00,21160.00,20100.00,19500.00,19500.00,30563.00,No,,,,07-07-2025, 11:45:41 p. m.,07-07-2025, 11:45:41 p. m.
205,"PCA921AZULCA1","FIBRO COPPER AZUL CANADA","GL",12290.00,11090.00,10500.00,10190.00,10190.00,15977.00,No,,,,07-07-2025, 11:45:42 p. m.,07-07-2025, 11:45:42 p. m.
206,"PCA921CANE001","FIBRO COPPER CANELA","GL",12290.00,11090.00,10500.00,10190.00,10190.00,15977.00,No,,,,07-07-2025, 11:45:42 p. m.,07-07-2025, 11:45:42 p. m.
207,"PCA921CAOBA01","FIBRO COPPER CAOBA","GL",12290.00,11090.00,10500.00,10190.00,10190.00,15977.00,No,,,,07-07-2025, 11:45:42 p. m.,07-07-2025, 11:45:42 p. m.
208,"PCA921CASA001","FIBRO COPPER CASA MAQUINA","GL",12290.00,11090.00,10500.00,10190.00,10190.00,15977.00,No,,,,07-07-2025, 11:45:42 p. m.,07-07-2025, 11:45:42 p. m.
209,"PCA921CAST001","FIBRO COPPER CASTAÑO","GL",12290.00,11090.00,10500.00,10190.00,10190.00,15977.00,No,,,,07-07-2025, 11:45:42 p. m.,07-07-2025, 11:45:42 p. m.
210,"PCA921ARCHO01","FIBRO COPPER CHOCOLATE","GL",12290.00,11090.00,10500.00,10190.00,10190.00,15977.00,No,,,,07-07-2025, 11:45:42 p. m.,07-07-2025, 11:45:42 p. m.
211,"PCA921GRISOS1","FIBRO COPPER GRIS OSCURO","GL",12290.00,11090.00,10500.00,10190.00,10190.00,15977.00,No,,,,07-07-2025, 11:45:42 p. m.,07-07-2025, 11:45:42 p. m.
212,"PCA921NEGRO01","FIBRO COPPER NEGRO","GL",12290.00,11090.00,10500.00,10190.00,10190.00,15977.00,No,,,,07-07-2025, 11:45:42 p. m.,07-07-2025, 11:45:42 p. m.
213,"PCA921ARROB01","FIBRO COPPER ROBLE","GL",12290.00,11090.00,10100.00,10190.00,10190.00,15977.00,No,,,,07-07-2025, 11:45:42 p. m.,07-07-2025, 11:45:42 p. m.
214,"PCA900OBRBAN1","LATEX OBRA BLANCO","GL",10870.00,9780.00,9240.00,8910.00,8910.00,14131.00,No,,,,07-07-2025, 11:45:42 p. m.,07-07-2025, 11:45:42 p. m.
215,"PCA901CONST01","LATEX CONSTRUCCIÓN BLANCO","GL",8670.00,7800.00,7410.00,7190.00,7190.00,11271.00,No,,,,07-07-2025, 11:45:42 p. m.,07-07-2025, 11:45:42 p. m.
216,"PCAEXTRACUB01","LATEX SUPER CUBRIENTE BLANCO","GL",12590.00,11390.00,10790.00,10490.00,10490.00,16367.00,No,,,,07-07-2025, 11:45:42 p. m.,07-07-2025, 11:45:42 p. m.
217,"PCA926AMREY01","OLEO BRILLANTE AMARILLO","GL",19790.00,17790.00,16890.00,16700.00,16700.00,25727.00,No,,,,07-07-2025, 11:45:42 p. m.,07-07-2025, 11:45:42 p. m.
218,"PCA926AZUPAC1","OLEO BRILLANTE AZUL","GL",19790.00,17790.00,16890.00,16700.00,16700.00,25727.00,No,,,,07-07-2025, 11:45:42 p. m.,07-07-2025, 11:45:42 p. m.
219,"PCA926BERME01","OLEO BRILLANTE BERMELLON","GL",19790.00,17790.00,16890.00,16700.00,16700.00,25727.00,No,,,,07-07-2025, 11:45:43 p. m.,07-07-2025, 11:45:43 p. m.
220,"PCA926BLAN001","OLEO BRILLANTE BLANCO","GL",19790.00,17790.00,16890.00,16700.00,16700.00,25727.00,No,,,,07-07-2025, 11:45:43 p. m.,07-07-2025, 11:45:43 p. m.
221,"PCA926CAFE001","OLEO BRILLANTE CAFE","GL",19790.00,17790.00,16890.00,16700.00,16700.00,25727.00,No,,,,07-07-2025, 11:45:43 p. m.,07-07-2025, 11:45:43 p. m.
222,"PCA926CREMA01","OLEO BRILLANTE CREMA","GL",19790.00,17790.00,16890.00,16700.00,16700.00,25727.00,No,,,,07-07-2025, 11:45:43 p. m.,07-07-2025, 11:45:43 p. m.
223,"PCA926GRIMAQ1","OLEO BRILLANTE GRIS","GL",19790.00,17790.00,16890.00,16700.00,16700.00,25727.00,No,,,,07-07-2025, 11:45:43 p. m.,07-07-2025, 11:45:43 p. m.
224,"PCA926NEGRO01","OLEO BRILLANTE NEGRO","GL",19790.00,17790.00,16890.00,16700.00,16700.00,25727.00,No,,,,07-07-2025, 11:45:43 p. m.,07-07-2025, 11:45:43 p. m.
225,"PCA926VERESM1","OLEO BRILLANTE VERDE","GL",19790.00,17790.00,16890.00,16700.00,16700.00,25727.00,No,,,,07-07-2025, 11:45:43 p. m.,07-07-2025, 11:45:43 p. m.
226,"PCA910BLAN001","OLEO OPACO BLANCO","GL",17990.00,16190.00,15490.00,14990.00,14990.00,23387.00,No,,,,07-07-2025, 11:45:43 p. m.,07-07-2025, 11:45:43 p. m.
227,"PCA904BLAN001","OLEO SEMI BRILLO BLANCO","GL",19530.00,17580.00,16700.00,16200.00,16200.00,25389.00,No,,,,07-07-2025, 11:45:43 p. m.,07-07-2025, 11:45:43 p. m.
228,"PCA113POLVER1","STAIN VERDE","GL",18690.00,16890.00,15990.00,15190.00,15190.00,24297.00,No,,,,07-07-2025, 11:45:43 p. m.,07-07-2025, 11:45:43 p. m.
229,"PCA113POLALE1","STAIN ALERCE","GL",18690.00,16890.00,15990.00,15190.00,15190.00,24297.00,No,,,,07-07-2025, 11:45:43 p. m.,07-07-2025, 11:45:43 p. m.
230,"PCA113POLARB1","STAIN ARBOLEDA","GL",18690.00,16890.00,15990.00,15190.00,15190.00,24297.00,No,,,,07-07-2025, 11:45:43 p. m.,07-07-2025, 11:45:43 p. m.
231,"PCA113POLCAO1","STAIN CAOBA","GL",18690.00,16890.00,15990.00,15190.00,15190.00,24297.00,No,,,,07-07-2025, 11:45:43 p. m.,07-07-2025, 11:45:43 p. m.
232,"PCA113POLCAS1","STAIN CASTAÑO","GL",18690.00,16890.00,15990.00,15190.00,15190.00,24297.00,No,,,,07-07-2025, 11:45:44 p. m.,07-07-2025, 11:45:44 p. m.
233,"PCA113POLENC1","STAIN ENCINA","GL",18690.00,16890.00,15990.00,15190.00,15190.00,24297.00,No,,,,07-07-2025, 11:45:44 p. m.,07-07-2025, 11:45:44 p. m.
234,"PCA113POLNAT1","STAIN NATURAL","GL",18690.00,16890.00,15990.00,15190.00,15190.00,24297.00,No,,,,07-07-2025, 11:45:44 p. m.,07-07-2025, 11:45:44 p. m.
235,"PCA113NEGRO01","STAIN NEGRO","GL",18690.00,16890.00,15990.00,15190.00,15190.00,24297.00,No,,,,07-07-2025, 11:45:44 p. m.,07-07-2025, 11:45:44 p. m.
236,"PCA113POLNOG1","STAIN NOGAL","GL",18690.00,16890.00,15990.00,15190.00,15190.00,24297.00,No,,,,07-07-2025, 11:45:44 p. m.,07-07-2025, 11:45:44 p. m.
237,"PCA113POLPAR1","STAIN PALO ROSA","GL",18690.00,16890.00,15990.00,15190.00,15190.00,24297.00,No,,,,07-07-2025, 11:45:44 p. m.,07-07-2025, 11:45:44 p. m.
238,"PCA113POLORE1","STAIN PINO OREGON","GL",18690.00,16890.00,15990.00,15190.00,15190.00,24297.00,No,,,,07-07-2025, 11:45:44 p. m.,07-07-2025, 11:45:44 p. m.
239,"PCA113POLROB1","STAIN ROBLE","GL",18690.00,16890.00,15990.00,15190.00,15190.00,24297.00,No,,,,07-07-2025, 11:45:44 p. m.,07-07-2025, 11:45:44 p. m.
240,"PCA103MADPLU1","VITRIFICANTE PARA MADERA VITRO PLUS","GL",25990.00,23480.00,22310.00,21750.00,21750.00,33787.00,No,,,,07-07-2025, 11:45:44 p. m.,07-07-2025, 11:45:44 p. m.
241,"PCA907BLAN001","ZINC ACRYL BLANCO","GL",17490.00,15790.00,14990.00,14490.00,14490.00,22737.00,No,,,,07-07-2025, 11:45:44 p. m.,07-07-2025, 11:45:44 p. m.
242,"PCA907GRIS001","ZINC ACRYL GRIS","GL",17490.00,15790.00,14990.00,14490.00,14490.00,22737.00,No,,,,07-07-2025, 11:45:44 p. m.,07-07-2025, 11:45:44 p. m.
243,"PCA907NEGRO01","ZINC ACRYL NEGRO","GL",17490.00,15790.00,14990.00,14490.00,14490.00,22737.00,No,,,,07-07-2025, 11:45:44 p. m.,07-07-2025, 11:45:44 p. m.
244,"PCA907ROJO001","ZINC ACRYL ROJO","GL",17490.00,15790.00,14990.00,14490.00,14490.00,22737.00,No,,,,07-07-2025, 11:45:44 p. m.,07-07-2025, 11:45:44 p. m.
245,"PCA907VERD001","ZINC ACRYL VERDE","GL",17490.00,15790.00,14990.00,14490.00,14490.00,22737.00,No,,,,07-07-2025, 11:45:44 p. m.,07-07-2025, 11:45:44 p. m.
246,"PCA907BASE001","ZINC ACRYL BASE INCOLORA","GL",14250.00,12820.00,12180.00,11820.00,11820.00,18525.00,No,,,,07-07-2025, 11:45:45 p. m.,07-07-2025, 11:45:45 p. m.
247,"PANES930BL001","ESMALTE AL AGUA 930 SEMI BRILLO BLANCO","GL",15350.00,13810.00,13120.00,12730.00,12730.00,19955.00,No,,,,07-07-2025, 11:45:45 p. m.,07-07-2025, 11:45:45 p. m.
248,"PCA941CLIBL01","ESMALTE AL AGUA CLINIC BLANCO","GL",16220.00,14600.00,13870.00,13450.00,13450.00,21086.00,No,,,,07-07-2025, 11:45:45 p. m.,07-07-2025, 11:45:45 p. m.
249,"PCA905BLAHO01","ESMALTE AL AGUA COPPER 960 BASE MEDIA","GL",14470.00,13020.00,12370.00,12000.00,12000.00,18811.00,No,,,,07-07-2025, 11:45:45 p. m.,07-07-2025, 11:45:45 p. m.
250,"PCA960COPPBM1","ESMALTE AL AGUA HOGAR BLANCO","GL",14250.00,12820.00,12180.00,11820.00,11820.00,18525.00,No,,,,07-07-2025, 11:45:45 p. m.,07-07-2025, 11:45:45 p. m.
251,"PCA108INCO001","ESMALTE ANTICORROSIVO INCOLORO","GL",20830.00,18740.00,17810.00,17270.00,17270.00,27079.00,No,,,,07-07-2025, 11:45:45 p. m.,07-07-2025, 11:45:45 p. m.
252,"PCA922BOSC001","ESMALTE SINTETICO BASE OSCURA","GL",20500.00,18450.00,17530.00,17000.00,17000.00,26650.00,No,,,,07-07-2025, 11:45:45 p. m.,07-07-2025, 11:45:45 p. m.
253,"PCAPLUS921001","FIBROCOPPER  INCOLORO","GL",9400.00,8470.00,8040.00,7800.00,7800.00,12220.00,No,,,,07-07-2025, 11:45:45 p. m.,07-07-2025, 11:45:45 p. m.
254,"PCA925BLAN001","HIDROPLUS BLANCO","GL",14030.00,12630.00,12000.00,11640.00,11640.00,18239.00,No,,,,07-07-2025, 11:45:45 p. m.,07-07-2025, 11:45:45 p. m.
255,"PCA925INCO001","HIDROPLUS INCOLORO","GL",12500.00,11250.00,10680.00,10360.00,10360.00,16250.00,No,,,,07-07-2025, 11:45:45 p. m.,07-07-2025, 11:45:45 p. m.
256,"PCA912IMPTEX1","IMPRIMANTE BLANCO","GL",10300.00,9270.00,8810.00,8550.00,8550.00,13390.00,No,,,,07-07-2025, 11:45:45 p. m.,07-07-2025, 11:45:45 p. m.
257,"PCA901BLAN001","LATEX ACRYL 901 BLANCO","GL",9430.00,8480.00,8060.00,7820.00,7820.00,12259.00,No,,,,07-07-2025, 11:45:45 p. m.,07-07-2025, 11:45:45 p. m.
258,"PCA929BAME001","LATEX EXTRA PLUS 929 BASE MEDIA","GL",9430.00,8480.00,8060.00,7820.00,7820.00,12259.00,No,,,,07-07-2025, 11:45:45 p. m.,07-07-2025, 11:45:45 p. m.
259,"PCA929BOSC01","LATEX EXTRA PLUS 929 BASE OSCURA","GL",9430.00,8480.00,8060.00,7820.00,7820.00,12259.00,No,,,,07-07-2025, 11:45:45 p. m.,07-07-2025, 11:45:45 p. m.
260,"PCA926BOSC001","OLEO BRILLANTE BASE OSCURA","GL",18570.00,16710.00,15880.00,15400.00,15400.00,24141.00,No,,,,07-07-2025, 11:45:46 p. m.,07-07-2025, 11:45:46 p. m.
261,"PCA904BASIN01","OLEO SEMI BRILLO BASE OSCURA","GL",17360.00,15630.00,14850.00,14400.00,14400.00,22568.00,No,,,,07-07-2025, 11:45:46 p. m.,07-07-2025, 11:45:46 p. m.
262,"PCASMARTBO001","SMART PLUS SANTINADO BASE OSCURA","GL",10300.00,9270.00,8810.00,8550.00,8550.00,13390.00,No,,,,07-07-2025, 11:45:46 p. m.,07-07-2025, 11:45:46 p. m.
263,"PCASPSBLAN001","SMARTPLUS BLANCO","GL",14690.00,13220.00,12560.00,12180.00,12180.00,19097.00,No,,,,07-07-2025, 11:45:46 p. m.,07-07-2025, 11:45:46 p. m.
264,"PCAPLUS920BI1","SELLADOR ACRILICO INCOLORO","GL",7890.00,7100.00,6750.00,6550.00,6550.00,10257.00,No,,,,07-07-2025, 11:45:46 p. m.,07-07-2025, 11:45:46 p. m.
265,"PCASPSNEGRO01","SMART PLUS NEGRO","GL",14690.00,13220.00,12560.00,12180.00,12180.00,19097.00,No,,,,07-07-2025, 11:45:46 p. m.,07-07-2025, 11:45:46 p. m.
266,"PCA960COPPBM5","ESMALTE AL AGUA COPPER  BASE MEDIA","BD 5 gl",57000.00,51300.00,48730.00,47270.00,47270.00,74100.00,No,,,,07-07-2025, 11:45:46 p. m.,07-07-2025, 11:45:46 p. m.
267,"PCA960ECOPBO5","ESMALTE AL AGUA COPPER  BASE OSCURA","BD 5 gl",48010.00,43210.00,41050.00,39820.00,39820.00,62413.00,No,,,,07-07-2025, 11:45:46 p. m.,07-07-2025, 11:45:46 p. m.
268,"PCA905BLAHO06","ESMALTE  AL AGUA HOGAR BLANCO","BD 4 gl",48010.00,43210.00,41050.00,39820.00,39820.00,62413.00,No,,,,07-07-2025, 11:45:46 p. m.,07-07-2025, 11:45:46 p. m.
269,"PCA912G25BL06","TEXTURAMICA G-25 BLANCO","BD 4 gl",34640.00,31170.00,29620.00,28730.00,28730.00,45032.00,No,,,,07-07-2025, 11:45:46 p. m.,07-07-2025, 11:45:46 p. m.
270,"PCA912G10BLA6","TEXTURAMICA G-10 BLANCO","BD 4 gl",33540.00,30190.00,28680.00,27820.00,27820.00,43602.00,No,,,,07-07-2025, 11:45:46 p. m.,07-07-2025, 11:45:46 p. m.
271,"PCA912G25BI06","TEXTURAMICA G-25 BASE INCOLORA","BD 4 gl",36390.00,32750.00,31120.00,30180.00,30180.00,47307.00,No,,,,07-07-2025, 11:45:46 p. m.,07-07-2025, 11:45:46 p. m.
272,"PCA912G10BI06","TEXTURAMICA G-10 BASE INCOLORA","BD 4 gl",23240.00,20910.00,19870.00,19270.00,19270.00,30212.00,No,,,,07-07-2025, 11:45:46 p. m.,07-07-2025, 11:45:46 p. m.
273,"PCA912EI25BL6","TEXTU EIFS G-25 BLANCO","BD 4 gl",36720.00,33050.00,31400.00,30450.00,30450.00,47736.00,No,,,,07-07-2025, 11:45:47 p. m.,07-07-2025, 11:45:47 p. m.
274,"PCA912G25BIN6","TEXTU EIFS G-25 BASE INCOLORA","BD 4 gl",32770.00,29500.00,28020.00,27180.00,27180.00,42601.00,No,,,,07-07-2025, 11:45:47 p. m.,07-07-2025, 11:45:47 p. m.
275,"PCA912EI10BL6","TEXTU EIFS G-10 BLANCO","BD 4 gl",36720.00,33050.00,31400.00,30450.00,30450.00,47736.00,No,,,,07-07-2025, 11:45:47 p. m.,07-07-2025, 11:45:47 p. m.
276,"PCA912EIFSIN6","TEXTU EIFS G-10 BASE INCOLORA","BD 4 gl",34420.00,30980.00,29430.00,28550.00,28550.00,44746.00,No,,,,07-07-2025, 11:45:47 p. m.,07-07-2025, 11:45:47 p. m.
277,"PCA953TEXDEL6","TEXDUR ELASTOMERICO","BD 4 gl",25210.00,22690.00,21560.00,20910.00,20910.00,32773.00,No,,,,07-07-2025, 11:45:47 p. m.,07-07-2025, 11:45:47 p. m.
278,"PCA953TEXDUR6","TEXDUR 4 GALONES","BD 4 gl",25100.00,22590.00,21460.00,20820.00,20820.00,32630.00,No,,,,07-07-2025, 11:45:47 p. m.,07-07-2025, 11:45:47 p. m.
279,"PCA955SELLO56","SELLO HIDRAULICO NATURAL","BD 4 gl",25210.00,22690.00,21560.00,20910.00,20910.00,32773.00,No,,,,07-07-2025, 11:45:47 p. m.,07-07-2025, 11:45:47 p. m.
280,"PCA920INCOBR6","SELLADOR PAPEL COPPER.","BD 4 gl",28720.00,25850.00,24550.00,23820.00,23820.00,37336.00,No,,,,07-07-2025, 11:45:47 p. m.,07-07-2025, 11:45:47 p. m.
281,"PCAPLUS920BI6","SELLADOR ACRILICO INCOLORO","BD 4 gl",19950.00,17950.00,17060.00,16550.00,16550.00,25935.00,No,,,,07-07-2025, 11:45:47 p. m.,07-07-2025, 11:45:47 p. m.
282,"PCAPLUS920BL6","SELLADOR ACRILICO BLANCO","BD 4 gl",26090.00,23480.00,22310.00,21640.00,21640.00,33917.00,No,,,,07-07-2025, 11:45:47 p. m.,07-07-2025, 11:45:47 p. m.
283,"PCAPASTAZH006","PASTA MURO ZONA HUMEDA","BD 4 gl",19640.00,17680.00,16790.00,16290.00,16290.00,25532.00,No,,,,07-07-2025, 11:45:47 p. m.,07-07-2025, 11:45:47 p. m.
284,"PCA824PASTA06","PASTA MURO 4 GALONES","BD 4 gl",20500.00,18450.00,17530.00,17000.00,17000.00,26650.00,No,,,,07-07-2025, 11:45:47 p. m.,07-07-2025, 11:45:47 p. m.
285,"PCA916LOSA006","PASTA LOSA PLUS","BD 4 gl",25430.00,22890.00,21740.00,21090.00,21090.00,33059.00,No,,,,07-07-2025, 11:45:47 p. m.,07-07-2025, 11:45:47 p. m.
286,"PCA950PESTU06","PASTA ESTUCRYL","BD 4 gl",16220.00,14600.00,13870.00,13450.00,13450.00,21086.00,No,,,,07-07-2025, 11:45:47 p. m.,07-07-2025, 11:45:47 p. m.
287,"PCA824PASELS6","PASTA ELASTICA BLANCA.","BD 4 gl",31130.00,28020.00,26620.00,25820.00,25820.00,40469.00,No,,,,07-07-2025, 11:45:48 p. m.,07-07-2025, 11:45:48 p. m.
288,"PCA952EIFSAD6","PASTA ADHESIVA EIFS AD","BD 4 gl",20610.00,18550.00,17620.00,17090.00,17090.00,26793.00,No,,,,07-07-2025, 11:45:48 p. m.,07-07-2025, 11:45:48 p. m.
289,"PCA952ELEIFS6","PASTA ADHESIVA EIFS","BD 4 gl",18630.00,16770.00,15930.00,15450.00,15450.00,24219.00,No,,,,07-07-2025, 11:45:48 p. m.,07-07-2025, 11:45:48 p. m.
290,"PCA912IMPTEX6","IMPRIMANTE BLANCO","BD 4 gl",30690.00,27620.00,26240.00,25450.00,25450.00,39897.00,No,,,,07-07-2025, 11:45:48 p. m.,07-07-2025, 11:45:48 p. m.
291,"PCA908BASIN06","IMPRIMANTE BASE INCOLORA","BD 4 gl",22580.00,20320.00,19310.00,18730.00,18730.00,29354.00,No,,,,07-07-2025, 11:45:48 p. m.,07-07-2025, 11:45:48 p. m.
292,"PCA925INCO056","HIDROPLUS INCOLORO","BD 4 gl",38580.00,34730.00,32990.00,32000.00,32000.00,50154.00,No,,,,07-07-2025, 11:45:48 p. m.,07-07-2025, 11:45:48 p. m.
293,"PCA925BLAN056","HIDROPLUS BLANCO","BD 4 gl",48010.00,43210.00,41050.00,39820.00,39820.00,62413.00,No,,,,07-07-2025, 11:45:48 p. m.,07-07-2025, 11:45:48 p. m.
294,"PCA970GRISAC6","ESMALTE ACRILICO GRIS CLARO","BD 4 gl",87250.00,78530.00,74600.00,72360.00,72360.00,113425.00,No,,,,07-07-2025, 11:45:48 p. m.,07-07-2025, 11:45:48 p. m.
295,"PANES930BL056","ESMALTE AGUA 930 BLANCO","BD 4 gl",53050.00,47750.00,45360.00,44000.00,44000.00,68965.00,No,,,,07-07-2025, 11:45:48 p. m.,07-07-2025, 11:45:48 p. m.
296,"PCASMARTBO06","ESMALTE AGUA SMART PLUS BASE OSCURA","BD 4 gl",31130.00,28020.00,26620.00,25820.00,25820.00,40469.00,No,,,,07-07-2025, 11:45:48 p. m.,07-07-2025, 11:45:48 p. m.
297,"PCASPSNLAN006","ESMALTE AGUA SMART PLUS BLANCO","BD 4 gl",50420.00,45380.00,43110.00,41820.00,41820.00,65546.00,No,,,,07-07-2025, 11:45:48 p. m.,07-07-2025, 11:45:48 p. m.
298,"PCASPSNEGR006","ESMALTE AGUS SMART PLUS NEGRO","BD 4 gl",50420.00,45380.00,43110.00,41820.00,41820.00,65546.00,No,,,,07-07-2025, 11:45:48 p. m.,07-07-2025, 11:45:48 p. m.
299,"PCA922BOSC056","ESMALTE SINTETICO BASE OSCURA","BD 4 gl",66300.00,59670.00,56680.00,54980.00,54980.00,86190.00,No,,,,07-07-2025, 11:45:48 p. m.,07-07-2025, 11:45:48 p. m.
300,"PCA909G10BL06","ESTUCO ELASTOMERICO G-10 BLANCO","BD 4 gl",49330.00,44390.00,42170.00,40910.00,40910.00,64129.00,No,,,,07-07-2025, 11:45:49 p. m.,07-07-2025, 11:45:49 p. m.
301,"PCA909G25BL06","ESTUCO ELASTOMERICO G-25 BLANCO","BD 4 gl",49330.00,44390.00,42170.00,40910.00,40910.00,64129.00,No,,,,07-07-2025, 11:45:49 p. m.,07-07-2025, 11:45:49 p. m.
302,"PCA909G25BI06","ESTUCO ELASTOMERICO G-25 INCOLORO","BD 4 gl",48670.00,43800.00,41610.00,40360.00,40360.00,63271.00,No,,,,07-07-2025, 11:45:49 p. m.,07-07-2025, 11:45:49 p. m.
303,"PCA909BCOL006","ESTUCO HORMIGON BASE INCOLORA","BD 4 gl",49330.00,44390.00,42170.00,40910.00,40910.00,64129.00,No,,,,07-07-2025, 11:45:49 p. m.,07-07-2025, 11:45:49 p. m.
304,"PCA909BLAN006","ESTUCO HORMIGON BLANCO","BD 4 gl",53930.00,48540.00,46110.00,44730.00,44730.00,70109.00,No,,,,07-07-2025, 11:45:49 p. m.,07-07-2025, 11:45:49 p. m.
305,"PCAPLUS921056","FIBROCOPPER INCOLORO","BD 4 gl",32350.00,28000.00,28770.00,26830.00,26830.00,42055.00,No,,,,07-07-2025, 11:45:49 p. m.,07-07-2025, 11:45:49 p. m.
306,"PCA900BLANC06","LATEX 900 BLANCO","BD 4 gl",27620.00,24860.00,23620.00,22910.00,22910.00,35906.00,No,,,,07-07-2025, 11:45:49 p. m.,07-07-2025, 11:45:49 p. m.
307,"PCA901BLANCO6","LATEX ACRYL 901 BLANCO","BD 4 gl",26750.00,24070.00,22870.00,22180.00,22180.00,34775.00,No,,,,07-07-2025, 11:45:49 p. m.,07-07-2025, 11:45:49 p. m.
308,"PCA927BLANCO6","LATEX ELASTOMERICO BLANCO","BD 4 gl",39020.00,35120.00,33360.00,32360.00,32360.00,50726.00,No,,,,07-07-2025, 11:45:49 p. m.,07-07-2025, 11:45:49 p. m.
309,"PCA929BAME056","LATEX SUPER 929 BASE MEDIA","BD 4 gl",28170.00,25350.00,24090.00,23360.00,23360.00,36621.00,No,,,,07-07-2025, 11:45:49 p. m.,07-07-2025, 11:45:49 p. m.
310,"PCA929BOSC06","LATEX SUPER 929 BASE OSCURA","BD 4 gl",26530.00,23870.00,22680.00,22000.00,22000.00,34489.00,No,,,,07-07-2025, 11:45:49 p. m.,07-07-2025, 11:45:49 p. m.
311,"PCA929LATBL06","LATEX SUPER 929 BLANCO","BD 4 gl",51960.00,46760.00,44420.00,43090.00,43090.00,67548.00,No,,,,07-07-2025, 11:45:49 p. m.,07-07-2025, 11:45:49 p. m.
312,"PCA926BOSC056","OLEO BRILLANTE BASE OSCURA","BD 4 gl",62260.00,56040.00,53230.00,51640.00,51640.00,80938.00,No,,,,07-07-2025, 11:45:49 p. m.,07-07-2025, 11:45:49 p. m.
313,"PCA904BASIN06","OLEO SEMIBRILLO BASE OSCURA","BD 4 gl",60730.00,54650.00,51920.00,50360.00,50360.00,78949.00,No,,,,07-07-2025, 11:45:49 p. m.,07-07-2025, 11:45:49 p. m.
314,"PCA909TEXREN6","TEXTURENE G-10 BLANCO","BD 4 gl",28280.00,25450.00,24180.00,23450.00,23450.00,36764.00,No,,,,07-07-2025, 11:45:50 p. m.,07-07-2025, 11:45:50 p. m.
315,"PCA907BASE056","ZINC ACRYL BASE INCOLORA","BD 4 gl",47460.00,42720.00,40580.00,39360.00,39360.00,61698.00,No,,,,07-07-2025, 11:45:50 p. m.,07-07-2025, 11:45:50 p. m.