Comuna,Región
Arica,Arica y Parinacota
Camarones,Arica y Parinacota
Putre,Arica y Parinacota
General Lagos,Arica y Parinacota
Iquique,Tarapacá
Alto Hospicio,Tarapacá
Pozo Almonte,Tarapacá
Camiña,Tarapacá
Colchane,Tarapacá
Huara,Tarapacá
Pica,Tarapacá
Antofagasta,Antofagasta
Mejillones,Antofagasta
Sierra Gorda,Antofagasta
Taltal,Antofagasta
Calama,Antofagasta
Ollagüe,Antofagasta
San Pedro de Atacama,Antofagasta
Tocopilla,Antofagasta
María Elena,Antofagasta
Copiapó,Atacama
Caldera,Atacama
Tierra Amarilla,Atacama
Chañaral,Atacama
Diego de Almagro,Atacama
Vallenar,Atacama
Alto del Carmen,Atacama
Freirina,Atacama
Huasco,Atacama
La Serena,Coquimbo
Coquimbo,Coquimbo
Andacollo,Coquimbo
La Higuera,Coquimbo
Paihuano,Coquimbo
Vicuña,Coquimbo
Illapel,Coquimbo
Canela,Coquimbo
Los Vilos,Coquimbo
Salamanca,Coquimbo
Ovalle,Coquimbo
Combarbalá,Coquimbo
Monte Patria,Coquimbo
Punitaqui,Coquimbo
Río Hurtado,Coquimbo
Valparaíso,Valparaíso
Casablanca,Valparaíso
Concón,Valparaíso
Juan Fernández,Valparaíso
Puchuncaví,Valparaíso
Quintero,Valparaíso
Viña del Mar,Valparaíso
Isla de Pascua,Valparaíso
Los Andes,Valparaíso
Calle Larga,Valparaíso
Rinconada,Valparaíso
San Esteban,Valparaíso
La Ligua,Valparaíso
Cabildo,Valparaíso
Papudo,Valparaíso
Petorca,Valparaíso
Zapallar,Valparaíso
Quillota,Valparaíso
La Calera,Valparaíso
Hijuelas,Valparaíso
La Cruz,Valparaíso
Nogales,Valparaíso
San Antonio,Valparaíso
Algarrobo,Valparaíso
Cartagena,Valparaíso
El Quisco,Valparaíso
El Tabo,Valparaíso
Santo Domingo,Valparaíso
San Felipe,Valparaíso
Catemu,Valparaíso
Llay-Llay,Valparaíso
Panquehue,Valparaíso
Putaendo,Valparaíso
Santa María,Valparaíso
Quilpué,Valparaíso
Limache,Valparaíso
Olmué,Valparaíso
Villa Alemana,Valparaíso
Rancagua,Lib. Gral. Bernardo O'Higgins
Codegua,Lib. Gral. Bernardo O'Higgins
Coinco,Lib. Gral. Bernardo O'Higgins
Coltauco,Lib. Gral. Bernardo O'Higgins
Doñihue,Lib. Gral. Bernardo O'Higgins
Graneros,Lib. Gral. Bernardo O'Higgins
Las Cabras,Lib. Gral. Bernardo O'Higgins
Machalí,Lib. Gral. Bernardo O'Higgins
Malloa,Lib. Gral. Bernardo O'Higgins
Mostazal,Lib. Gral. Bernardo O'Higgins
Olivar,Lib. Gral. Bernardo O'Higgins
Peumo,Lib. Gral. Bernardo O'Higgins
Pichidegua,Lib. Gral. Bernardo O'Higgins
Quinta de Tilcoco,Lib. Gral. Bernardo O'Higgins
Rengo,Lib. Gral. Bernardo O'Higgins
Requínoa,Lib. Gral. Bernardo O'Higgins
San Vicente,Lib. Gral. Bernardo O'Higgins
Pichilemu,Lib. Gral. Bernardo O'Higgins
La Estrella,Lib. Gral. Bernardo O'Higgins
Litueche,Lib. Gral. Bernardo O'Higgins
Marchigüe,Lib. Gral. Bernardo O'Higgins
Navidad,Lib. Gral. Bernardo O'Higgins
Paredones,Lib. Gral. Bernardo O'Higgins
San Fernando,Lib. Gral. Bernardo O'Higgins
Chépica,Lib. Gral. Bernardo O'Higgins
Chimbarongo,Lib. Gral. Bernardo O'Higgins
Lolol,Lib. Gral. Bernardo O'Higgins
Nancagua,Lib. Gral. Bernardo O'Higgins
Palmilla,Lib. Gral. Bernardo O'Higgins
Peralillo,Lib. Gral. Bernardo O'Higgins
Placilla,Lib. Gral. Bernardo O'Higgins
Pumanque,Lib. Gral. Bernardo O'Higgins
Santa Cruz,Lib. Gral. Bernardo O'Higgins
Talca,Maule
Constitución,Maule
Curepto,Maule
Empedrado,Maule
Maule,Maule
Pelarco,Maule
Pencahue,Maule
Río Claro,Maule
San Clemente,Maule
San Rafael,Maule
Cauquenes,Maule
Chanco,Maule
Pelluhue,Maule
Curicó,Maule
Hualañé,Maule
Licantén,Maule
Molina,Maule
Rauco,Maule
Romeral,Maule
Sagrada Familia,Maule
Teno,Maule
Vichuquén,Maule
Linares,Maule
Colbún,Maule
Longaví,Maule
Parral,Maule
Retiro,Maule
San Javier,Maule
Villa Alegre,Maule
Yerbas Buenas,Maule
Chillán,Ñuble
Bulnes,Ñuble
Chillán Viejo,Ñuble
El Carmen,Ñuble
Pemuco,Ñuble
Pinto,Ñuble
Quillón,Ñuble
San Ignacio,Ñuble
Yungay,Ñuble
Quirihue,Ñuble
Cobquecura,Ñuble
Coelemu,Ñuble
Ninhue,Ñuble
Portezuelo,Ñuble
Ránquil,Ñuble
Treguaco,Ñuble
San Carlos,Ñuble
Coihueco,Ñuble
Ñiquén,Ñuble
San Fabián,Ñuble
San Nicolás,Ñuble
Concepción,Biobío
Coronel,Biobío
Chiguayante,Biobío
Florida,Biobío
Hualqui,Biobío
Lota,Biobío
Penco,Biobío
San Pedro de La Paz,Biobío
Santa Juana,Biobío
Talcahuano,Biobío
Tomé,Biobío
Hualpén,Biobío
Lebu,Biobío
Arauco,Biobío
Cañete,Biobío
Contulmo,Biobío
Curanilahue,Biobío
Los Álamos,Biobío
Tirúa,Biobío
Los Ángeles,Biobío
Antuco,Biobío
Cabrero,Biobío
Laja,Biobío
Mulchén,Biobío
Nacimiento,Biobío
Negrete,Biobío
Quilaco,Biobío
Quilleco,Biobío
San Rosendo,Biobío
Santa Bárbara,Biobío
Tucapel,Biobío
Yumbel,Biobío
Alto Biobío,Biobío
Temuco,La Araucanía
Carahue,La Araucanía
Cunco,La Araucanía
Curarrehue,La Araucanía
Freire,La Araucanía
Galvarino,La Araucanía
Gorbea,La Araucanía
Lautaro,La Araucanía
Loncoche,La Araucanía
Melipeuco,La Araucanía
Nueva Imperial,La Araucanía
Padre Las Casas,La Araucanía
Perquenco,La Araucanía
Pitrufquén,La Araucanía
Pucón,La Araucanía
Saavedra,La Araucanía
Teodoro Schmidt,La Araucanía
Toltén,La Araucanía
Vilcún,La Araucanía
Villarrica,La Araucanía
Cholchol,La Araucanía
Angol,La Araucanía
Collipulli,La Araucanía
Curacautín,La Araucanía
Ercilla,La Araucanía
Lonquimay,La Araucanía
Los Sauces,La Araucanía
Lumaco,La Araucanía
Purén,La Araucanía
Renaico,La Araucanía
Traiguén,La Araucanía
Victoria,La Araucanía
Valdivia,Los Ríos
Corral,Los Ríos
Lanco,Los Ríos
Los Lagos,Los Ríos
Máfil,Los Ríos
Mariquina,Los Ríos
Paillaco,Los Ríos
Panguipulli,Los Ríos
La Unión,Los Ríos
Futrono,Los Ríos
Lago Ranco,Los Ríos
Río Bueno,Los Ríos
Puerto Montt,Los Lagos
Calbuco,Los Lagos
Cochamó,Los Lagos
Fresia,Los Lagos
Frutillar,Los Lagos
Los Muermos,Los Lagos
Llanquihue,Los Lagos
Maullín,Los Lagos
Puerto Varas,Los Lagos
Castro,Los Lagos
Ancud,Los Lagos
Chonchi,Los Lagos
Curaco de Vélez,Los Lagos
Dalcahue,Los Lagos
Puqueldón,Los Lagos
Queilén,Los Lagos
Quellón,Los Lagos
Quemchi,Los Lagos
Quinchao,Los Lagos
Osorno,Los Lagos
Puerto Octay,Los Lagos
Purranque,Los Lagos
Puyehue,Los Lagos
Río Negro,Los Lagos
San Juan de la Costa,Los Lagos
San Pablo,Los Lagos
Chaitén,Los Lagos
Futaleufú,Los Lagos
Hualaihué,Los Lagos
Palena,Los Lagos
Coyhaique,Aysén del General Carlos Ibáñez del Campo
Lago Verde,Aysén del General Carlos Ibáñez del Campo
Aysén,Aysén del General Carlos Ibáñez del Campo
Cisnes,Aysén del General Carlos Ibáñez del Campo
Guaitecas,Aysén del General Carlos Ibáñez del Campo
Cochrane,Aysén del General Carlos Ibáñez del Campo
O'Higgins,Aysén del General Carlos Ibáñez del Campo
Tortel,Aysén del General Carlos Ibáñez del Campo
Chile Chico,Aysén del General Carlos Ibáñez del Campo
Río Ibáñez,Aysén del General Carlos Ibáñez del Campo
Punta Arenas,Magallanes y Antártica Chilena
Laguna Blanca,Magallanes y Antártica Chilena
Río Verde,Magallanes y Antártica Chilena
San Gregorio,Magallanes y Antártica Chilena
Cabo de Hornos,Magallanes y Antártica Chilena
Antártica,Magallanes y Antártica Chilena
Porvenir,Magallanes y Antártica Chilena
Primavera,Magallanes y Antártica Chilena
Timaukel,Magallanes y Antártica Chilena
Natales,Magallanes y Antártica Chilena
Torres del Paine,Magallanes y Antártica Chilena
Santiago,Metropolitana de Santiago
Cerrillos,Metropolitana de Santiago
Cerro Navia,Metropolitana de Santiago
Conchalí,Metropolitana de Santiago
El Bosque,Metropolitana de Santiago
Estación Central,Metropolitana de Santiago
Huechuraba,Metropolitana de Santiago
Independencia,Metropolitana de Santiago
La Cisterna,Metropolitana de Santiago
La Florida,Metropolitana de Santiago
La Granja,Metropolitana de Santiago
La Pintana,Metropolitana de Santiago
La Reina,Metropolitana de Santiago
Las Condes,Metropolitana de Santiago
Lo Barnechea,Metropolitana de Santiago
Lo Espejo,Metropolitana de Santiago
Lo Prado,Metropolitana de Santiago
Macul,Metropolitana de Santiago
Maipú,Metropolitana de Santiago
Ñuñoa,Metropolitana de Santiago
Pedro Aguirre Cerda,Metropolitana de Santiago
Peñalolén,Metropolitana de Santiago
Providencia,Metropolitana de Santiago
Pudahuel,Metropolitana de Santiago
Quilicura,Metropolitana de Santiago
Quinta Normal,Metropolitana de Santiago
Recoleta,Metropolitana de Santiago
Renca,Metropolitana de Santiago
San Joaquín,Metropolitana de Santiago
San Miguel,Metropolitana de Santiago
San Ramón,Metropolitana de Santiago
Vitacura,Metropolitana de Santiago
Puente Alto,Metropolitana de Santiago
Pirque,Metropolitana de Santiago
San José de Maipo,Metropolitana de Santiago
Colina,Metropolitana de Santiago
Lampa,Metropolitana de Santiago
Til Til,Metropolitana de Santiago
San Bernardo,Metropolitana de Santiago
Buin,Metropolitana de Santiago
Calera de Tango,Metropolitana de Santiago
Paine,Metropolitana de Santiago
Melipilla,Metropolitana de Santiago
Alhué,Metropolitana de Santiago
Curacaví,Metropolitana de Santiago
María Pinto,Metropolitana de Santiago
San Pedro,Metropolitana de Santiago
Talagante,Metropolitana de Santiago
El Monte,Metropolitana de Santiago
Isla de Maipo,Metropolitana de Santiago
Padre Hurtado,Metropolitana de Santiago
Peñaflor,Metropolitana de Santiago